Major_Group,Avg_Hours,Median_Earnings
Law & Public Policy,47.963099630996304,36000
Engineering,41.73818646232439,57000
Industrial Arts & Consumer Services,41.61900647948164,35000
Business,41.589391936549916,40000
Health,41.3636699963004,35000
